89156,members/ziad_aboultaif.csv,Ziad,Aboultaif,Conservative,Edmonton Manning,Alberta,0,0.443,0,0.229,0.328
105340,members/scott_aitchison.csv,Scott,Aitchison,Conservative,Parry Sound—Muskoka,Ontario,0,0.521,0.061,0.235,0.183
72029,members/dan_albas.csv,Dan,Albas,Conservative,Central Okanagan—Similkameen—Nicola,British Columbia,0,0.514,0.03,0.224,0.232
89258,members/john_aldag.csv,John,Aldag,Liberal,Cloverdale—Langley City,British Columbia,0,0.379,0,0.412,0.209
89535,members/omar_alghabra.csv,Omar,Alghabra,Liberal,Mississauga Centre,Ontario,0,0.296,0.019,0.568,0.118
110339,members/shafqat_ali.csv,Shafqat,Ali,Liberal,Brampton Centre,Ontario,0,0.333,0,0.488,0.179
25446,members/dean_allison.csv,Dean,Allison,Conservative,Niagara West,Ontario,0,0.497,0.032,0.332,0.139
96081,members/anita_anand.csv,Anita,Anand,Liberal,Oakville,Ontario,0,0.414,0.018,0.477,0.091
89449,members/gary_anandasangaree.csv,Gary,Anandasangaree,Liberal,Scarborough—Rouge Park,Ontario,0,0.217,0,0.646,0.137
25470,members/charlie_angus.csv,Charlie,Angus,NDP,Timmins—James Bay,Ontario,0,0.313,0,0.283,0.404
89294,members/mel_arnold.csv,Mel,Arnold,Conservative,North Okanagan—Shuswap,British Columbia,0,0.516,0.061,0.21,0.214
89383,members/rene_arseneault.csv,René,Arseneault,Liberal,Madawaska—Restigouche,New Brunswick,0,0.288,0.029,0.616,0.067
88860,members/chandra_arya.csv,Chandra,Arya,Liberal,Nepean,Ontario,0,0.347,0.021,0.463,0.169
36037,members/niki_ashton.csv,Niki,Ashton,NDP,Churchill—Keewatinook Aski,Manitoba,0,0.254,0.032,0.265,0.448
104586,members/jenica_atwin.csv,Jenica,Atwin,Liberal,Fredericton,New Brunswick,0,0.365,0.131,0.376,0.128
105854,members/taylor_bachrach.csv,Taylor,Bachrach,NDP,Skeena—Bulkley Valley,British Columbia,0,0.401,0.042,0.085,0.472
88867,members/vance_badawey.csv,Vance,Badawey,Liberal,Niagara Centre,Ontario,0,0.339,0.021,0.38,0.26
111067,members/parm_bains.csv,Parm,Bains,Liberal,Steveston—Richmond East,British Columbia,0,0.344,0.023,0.435,0.198
105121,members/yvan_baker.csv,Yvan,Baker,Liberal,Etobicoke Centre,Ontario,0,0.376,0,0.516,0.108
30330,members/tony_baldinelli.csv,Tony,Baldinelli,Conservative,Niagara Falls,Ontario,0,0.414,0.021,0.366,0.199
86261,members/john_barlow.csv,John,Barlow,Conservative,Foothills,Alberta,0,0.782,0.014,0.078,0.125
102275,members/michael_barrett.csv,Michael,Barrett,Conservative,Leeds—Grenville—Thousand Islands and Rideau Lakes,Ontario,0,0.536,0.038,0.267,0.159
111023,members/lisa_marie_barron.csv,Lisa Marie,Barron,NDP,Nanaimo—Ladysmith,British Columbia,0,0.285,0.27,0.142,0.303
88422,members/xavier_barsalou-duval.csv,Xavier,Barsalou-Duval,Bloc Québécois,Pierre-Boucher—Les Patriotes—Verchères,Quebec,0.561,0.091,0,0.267,0.08
104571,members/jaime_battiste.csv,Jaime,Battiste,Liberal,Sydney—Victoria,Nova Scotia,0,0.376,0.011,0.407,0.206
376,members/mario_beaulieu.csv,Mario,Beaulieu,Bloc Québécois,La Pointe-de-l'Île,Quebec,0.489,0.07,0,0.339,0.102
89236,members/terry_beech.csv,Terry,Beech,Liberal,Burnaby North—Seymour,British Columbia,0,0.262,0.032,0.407,0.299
88567,members/rachel_bendayan.csv,Rachel,Bendayan,Liberal,Outremont,Quebec,0.154,0.08,0.033,0.465,0.267
992,members/carolyn_bennett.csv,Carolyn,Bennett,Liberal,Toronto—St. Paul's,Ontario,0,0.26,0.061,0.506,0.173
96361,members/bob_benzen.csv,Bob,Benzen,Conservative,Calgary Heritage,Alberta,0,0.618,0.015,0.18,0.187
59110,members/candice_bergen.csv,Candice,Bergen,Conservative,Portage—Lisgar,Manitoba,0,0.683,0,0.143,0.174
496,members/stephane_bergeron.csv,Stéphane,Bergeron,Bloc Québécois,Montarville,Quebec,0.462,0.097,0,0.355,0.085
88541,members/luc_berthold.csv,Luc,Berthold,Conservative,Mégantic—L'Érable,Quebec,0.213,0.598,0.014,0.145,0.03
104622,members/sylvie_berube.csv,Sylvie,Bérubé,Bloc Québécois,Abitibi—Baie-James—Nunavik—Eeyou,Quebec,0.408,0.17,0.017,0.279,0.126
25475,members/james_bezan.csv,James,Bezan,Conservative,Selkirk—Interlake—Eastman,Manitoba,0,0.618,0.029,0.143,0.21
88449,members/marie-claude_bibeau.csv,Marie-Claude,Bibeau,Liberal,Compton—Stanstead,Quebec,0.322,0.184,0.03,0.386,0.078
88934,members/chris_bittle.csv,Chris,Bittle,Liberal,St. Catharines,Ontario,0,0.349,0.02,0.405,0.226
89032,members/daniel_blaikie.csv,Daniel,Blaikie,NDP,Elmwood—Transcona,Manitoba,0,0.299,0.017,0.157,0.528
88961,members/bill_blair.csv,Bill,Blair,Liberal,Scarborough Southwest,Ontario,0,0.215,0.026,0.594,0.166
104669,members/yves-francois_blanchet.csv,Yves-François,Blanchet,Bloc Québécois,Beloeil—Chambly,Quebec,0.553,0.09,0.021,0.247,0.088
104705,members/maxime_blanchette-joncas.csv,Maxime,Blanchette-Joncas,Bloc Québécois,Rimouski-Neigette—Témiscouata—Les Basques,Quebec,0.525,0.142,0,0.266,0.067
89354,members/rachel_blaney.csv,Rachel,Blaney,NDP,North Island—Powell River,British Columbia,0,0.38,0.064,0.139,0.418
59156,members/kelly_block.csv,Kelly,Block,Conservative,Carlton Trail—Eagle Creek,Saskatchewan,0,0.778,0.01,0.057,0.155
104555,members/kody_blois.csv,Kody,Blois,Liberal,Kings—Hants,Nova Scotia,0,0.308,0.022,0.469,0.201
89147,members/randy_boissonnault.csv,Randy,Boissonnault,Liberal,Edmonton Centre,Alberta,0,0.342,0,0.355,0.304
58775,members/alexandre_boulerice.csv,Alexandre,Boulerice,NDP,Rosemont—La Petite-Patrie,Quebec,0.215,0.04,0.024,0.233,0.488
110487,members/valerie_bradford.csv,Valerie,Bradford,Liberal,Kitchener South—Hespeler,Ontario,0,0.383,0.037,0.404,0.176
88369,members/richard_bragdon.csv,Richard,Bragdon,Conservative,Tobique—Mactaquac,New Brunswick,0,0.564,0.053,0.265,0.118
88674,members/john_brassard.csv,John,Brassard,Conservative,Barrie—Innisfil,Ontario,0,0.516,0,0.313,0.171
104977,members/elisabeth_briere.csv,Élisabeth,Brière,Liberal,Sherbrooke,Quebec,0.301,0.134,0.03,0.39,0.145
110354,members/larry_brock.csv,Larry,Brock,Conservative,Brantford—Brant,Ontario,0,0.443,0.029,0.312,0.215
104786,members/alexis_brunelle-duceppe.csv,Alexis,Brunelle-Duceppe,Bloc Québécois,Lac-Saint-Jean,Quebec,0.507,0.257,0.016,0.187,0.033
35897,members/blaine_calkins.csv,Blaine,Calkins,Conservative,Red Deer—Lacombe,Alberta,0,0.761,0,0.071,0.168
89327,members/richard_cannings.csv,Richard,Cannings,NDP,South Okanagan—West Kootenay,British Columbia,0,0.382,0.04,0.132,0.446
111007,members/frank_caputo.csv,Frank,Caputo,Conservative,Kamloops—Thompson—Cariboo,British Columbia,0,0.459,0.039,0.193,0.31
89059,members/jim_carr.csv,Jim,Carr,Liberal,Winnipeg South Centre,Manitoba,0,0.288,0.028,0.471,0.213
25486,members/colin_carrie.csv,Colin,Carrie,Conservative,Oshawa,Ontario,0,0.428,0.016,0.249,0.307
71270,members/sean_casey.csv,Sean,Casey,Liberal,Charlottetown,Prince Edward Island,0,0.317,0.098,0.476,0.109
104678,members/louise_chabot.csv,Louise,Chabot,Bloc Québécois,Thérèse-De Blainville,Quebec,0.426,0.114,0.02,0.364,0.076
89000,members/bardish_chagger.csv,Bardish,Chagger,Liberal,Waterloo,Ontario,0,0.291,0.036,0.474,0.2
110882,members/george_chahal.csv,George,Chahal,Liberal,Calgary Skyview,Alberta,0,0.378,0.01,0.443,0.17
110649,members/adam_chambers.csv,Adam,Chambers,Conservative,Simcoe North,Ontario,0,0.467,0.032,0.33,0.17
88633,members/francois-philippe_champagne.csv,François-Philippe,Champagne,Liberal,Saint-Maurice—Champlain,Quebec,0.31,0.186,0.013,0.438,0.052
104741,members/martin_champoux.csv,Martin,Champoux,Bloc Québécois,Drummond,Quebec,0.493,0.19,0,0.199,0.118
110225,members/sophie_chatel.csv,Sophie,Chatel,Liberal,Pontiac,Quebec,0.178,0.218,0.029,0.459,0.116
88953,members/shaun_chen.csv,Shaun,Chen,Liberal,Scarborough North,Ontario,0,0.195,0,0.69,0.114
110513,members/paul_chiang.csv,Paul,Chiang,Liberal,Markham—Unionville,Ontario,0,0.419,0.029,0.486,0.066
25488,members/michael_chong.csv,Michael,Chong,Conservative,Wellington—Halton Hills,Ontario,0,0.557,0.041,0.29,0.111
105908,members/chad_collins.csv,Chad,Collins,Liberal,Hamilton East—Stoney Creek,Ontario,0,0.303,0.022,0.399,0.277
110438,members/laurel_collins.csv,Laurel,Collins,NDP,Victoria,British Columbia,0,0.143,0.117,0.284,0.457
89219,members/michael_cooper.csv,Michael,Cooper,Conservative,St. Albert—Edmonton,Alberta,0,0.506,0,0.191,0.304
88350,members/serge_cormier.csv,Serge,Cormier,Liberal,Acadie—Bathurst,New Brunswick,0,0.148,0.03,0.698,0.123
110373,members/michael_coteau.csv,Michael,Coteau,Liberal,Don Valley East,Ontario,0,0.245,0,0.626,0.129
88535,members/chris_dentremont.csv,Chris,d'Entremont,Conservative,West Nova,Nova Scotia,0,0.533,0,0.331,0.136
49344,members/julie_dabrusin.csv,Julie,Dabrusin,Liberal,Toronto—Danforth,Ontario,0,0.13,0.02,0.501,0.349
88994,members/marc_dalton.csv,Marc,Dalton,Conservative,Pitt Meadows—Maple Ridge,British Columbia,0,0.392,0,0.267,0.341
35909,members/pam_damoff.csv,Pam,Damoff,Liberal,Oakville North—Burlington,Ontario,0,0.395,0.016,0.486,0.103
88884,members/raquel_dancho.csv,Raquel,Dancho,Conservative,Kildonan—St. Paul,Manitoba,0,0.441,0,0.311,0.248
105521,members/scot_davidson.csv,Scot,Davidson,Conservative,York—Simcoe,Ontario,0,0.539,0,0.313,0.147
102653,members/don_davies.csv,Don,Davies,NDP,Vancouver Kingsway,British Columbia,0,0.14,0.04,0.282,0.538
59325,members/claude_debellefeuille.csv,Claude,DeBellefeuille,Bloc Québécois,Salaberry—Suroît,Quebec,0.505,0.13,0,0.287,0.079
35315,members/gerard_deltell.csv,Gérard,Deltell,Conservative,Louis-Saint-Laurent,Quebec,0.212,0.537,0.015,0.182,0.055
104715,members/caroline_desbiens.csv,Caroline,Desbiens,Bloc Québécois,Beauport—Côte-de-Beaupré—Île d'Orléans—Charlevoix,Quebec,0.397,0.329,0.015,0.213,0.046
104922,members/luc_desilets.csv,Luc,Desilets,Bloc Québécois,Rivière-des-Mille-Îles,Quebec,0.426,0.108,0.019,0.371,0.076
110889,members/blake_desjarlais.csv,Blake,Desjarlais,NDP,Edmonton Griesbach,Alberta,0,0.4,0.013,0.15,0.437
31098,members/sukh_dhaliwal.csv,Sukh,Dhaliwal,Liberal,Surrey—Newton,British Columbia,0,0.164,0,0.563,0.272
88453,members/anju_dhillon.csv,Anju,Dhillon,Liberal,Dorval—Lachine—LaSalle,Quebec,0.164,0.125,0.029,0.547,0.135
109915,members/lena_metlege_diab.csv,Lena Metlege,Diab,Liberal,Halifax West,Nova Scotia,0,0.227,0.024,0.5,0.249
89249,members/todd_doherty.csv,Todd,Doherty,Conservative,Cariboo—Prince George,British Columbia,0,0.556,0.04,0.181,0.223
105091,members/han_dong.csv,Han,Dong,Liberal,Don Valley North,Ontario,0,0.308,0.019,0.562,0.11
105410,members/terry_dowdall.csv,Terry,Dowdall,Conservative,Simcoe—Grey,Ontario,0,0.513,0.042,0.302,0.143
59226,members/earl_dreeshen.csv,Earl,Dreeshen,Conservative,Red Deer—Mountain View,Alberta,0,0.759,0,0.076,0.165
88756,members/francis_drouin.csv,Francis,Drouin,Liberal,Glengarry—Prescott—Russell,Ontario,0,0.362,0.022,0.5,0.116
84660,members/emmanuel_dubourg.csv,Emmanuel,Dubourg,Liberal,Bourassa,Quebec,0.195,0.073,0.019,0.629,0.083
89408,members/jean-yves_duclos.csv,Jean-Yves,Duclos,Liberal,Québec,Quebec,0.296,0.185,0.024,0.362,0.133
31119,members/terry_duguid.csv,Terry,Duguid,Liberal,Winnipeg South,Manitoba,0,0.349,0.015,0.491,0.145
58877,members/kirsty_duncan.csv,Kirsty,Duncan,Liberal,Etobicoke North,Ontario,0,0.263,0,0.628,0.11
105422,members/eric_duncan.csv,Eric,Duncan,Conservative,Stormont—Dundas—South Glengarry,Ontario,0,0.6,0.025,0.255,0.119
88721,members/julie_dzerowicz.csv,Julie,Dzerowicz,Liberal,Davenport,Ontario,0,0.105,0.024,0.437,0.435
89010,members/ali_ehsassi.csv,Ali,Ehsassi,Liberal,Willowdale,Ontario,0,0.348,0.02,0.526,0.106
88515,members/faycal_el-khoury.csv,Fayçal,El-Khoury,Liberal,Laval—Les Îles,Quebec,0.201,0.187,0.016,0.516,0.081
109905,members/stephen_ellis.csv,Stephen,Ellis,Conservative,Cumberland—Colchester,Nova Scotia,0,0.484,0.027,0.359,0.13
105082,members/dave_epp.csv,Dave,Epp,Conservative,Chatham-Kent—Leamington,Ontario,0,0.478,0.018,0.334,0.17
88687,members/nathaniel_erskine-smith.csv,Nathaniel,Erskine-Smith,Liberal,Beaches—East York,Ontario,0,0.149,0.028,0.588,0.234
98749,members/rosemarie_falk.csv,Rosemarie,Falk,Conservative,Battlefords—Lloydminster,Saskatchewan,0,0.789,0.009,0.065,0.138
84672,members/ted_falk.csv,Ted,Falk,Conservative,Provencher,Manitoba,0,0.603,0.032,0.21,0.156
35904,members/ed_fast.csv,Ed,Fast,Conservative,Abbotsford,British Columbia,0,0.517,0.036,0.261,0.185
88478,members/greg_fergus.csv,Greg,Fergus,Liberal,Hull—Aylmer,Quebec,0.171,0.113,0.03,0.553,0.133
110604,members/michelle_ferreri.csv,Michelle,Ferreri,Conservative,Peterborough—Kawartha,Ontario,0,0.409,0.023,0.369,0.199
88325,members/andy_fillmore.csv,Andy,Fillmore,Liberal,Halifax,Nova Scotia,0,0.132,0.023,0.438,0.407
20878,members/kerry-lynne_findlay.csv,Kerry-Lynne,Findlay,Conservative,South Surrey—White Rock,British Columbia,0,0.441,0,0.405,0.153
88323,members/darren_fisher.csv,Darren,Fisher,Liberal,Dartmouth—Cole Harbour,Nova Scotia,0,0,0.034,0.593,0.374
71692,members/peter_fonseca.csv,Peter,Fonseca,Liberal,Mississauga East—Cooksville,Ontario,0,0.349,0,0.54,0.111
96356,members/mona_fortier.csv,Mona,Fortier,Liberal,Ottawa—Vanier,Ontario,0,0.209,0.033,0.512,0.246
88605,members/rheal_fortin.csv,Rhéal,Fortin,Bloc Québécois,Rivière-du-Nord,Quebec,0.56,0.127,0,0.239,0.074
88827,members/peter_fragiskatos.csv,Peter,Fragiskatos,Liberal,London North Centre,Ontario,0,0.285,0.023,0.411,0.28
88316,members/sean_fraser.csv,Sean,Fraser,Liberal,Central Nova,Nova Scotia,0,0.34,0.013,0.486,0.162
84665,members/chrystia_freeland.csv,Chrystia,Freeland,Liberal,University—Rosedale,Ontario,0,0.207,0.043,0.49,0.26
1589,members/hedy_fry.csv,Hedy,Fry,Liberal,Vancouver Centre,British Columbia,0,0.224,0.041,0.418,0.318
110534,members/iqwinder_gaheer.csv,Iqwinder,Gaheer,Liberal,Mississauga—Malton,Ontario,0,0.308,0.02,0.531,0.141
1809,members/cheryl_gallant.csv,Cheryl,Gallant,Conservative,Renfrew—Nipissing—Pembroke,Ontario,0,0.54,0.021,0.211,0.228
10524,members/marc_garneau.csv,Marc,Garneau,Liberal,Notre-Dame-de-Grâce—Westmount,Quebec,0.055,0.146,0.042,0.558,0.199
110189,members/jean-denis_garon.csv,Jean-Denis,Garon,Bloc Québécois,Mirabel,Quebec,0.495,0.143,0.024,0.25,0.088
71995,members/randall_garrison.csv,Randall,Garrison,NDP,Esquimalt—Saanich—Sooke,British Columbia,0,0.223,0.095,0.232,0.45
104806,members/marie-helene_gaudreau.csv,Marie-Hélène,Gaudreau,Bloc Québécois,Laurentides—Labelle,Quebec,0.532,0.112,0.026,0.265,0.065
87121,members/leah_gazan.csv,Leah,Gazan,NDP,Winnipeg Centre,Manitoba,0,0.137,0.025,0.302,0.536
63908,members/bernard_genereux.csv,Bernard,Généreux,Conservative,Montmagny—L'Islet—Kamouraska—Rivière-du-Loup,Quebec,0.269,0.517,0,0.179,0.034
89226,members/garnett_genuis.csv,Garnett,Genuis,Conservative,Sherwood Park—Fort Saskatchewan,Alberta,0,0.63,0.011,0.134,0.226
88802,members/mark_gerretsen.csv,Mark,Gerretsen,Liberal,Kingston and the Islands,Ontario,0,0.246,0.026,0.425,0.303
88538,members/marilene_gill.csv,Marilène,Gill,Bloc Québécois,Manicouagan,Quebec,0.54,0.224,0,0.192,0.044
88938,members/marilyn_gladu.csv,Marilyn,Gladu,Conservative,Sarnia—Lambton,Ontario,0,0.525,0.017,0.219,0.239
89407,members/joel_godin.csv,Joël,Godin,Conservative,Portneuf—Jacques-Cartier,Quebec,0.249,0.539,0,0.161,0.052
110918,members/laila_goodridge.csv,Laila,Goodridge,Conservative,Fort McMurray—Cold Lake,Alberta,0,0.788,0.011,0.082,0.118
88715,members/karina_gould.csv,Karina,Gould,Liberal,Burlington,Ontario,0,0.389,0.021,0.477,0.113
35397,members/jacques_gourde.csv,Jacques,Gourde,Conservative,Lévis—Lotbinière,Quebec,0.225,0.536,0.014,0.152,0.074
105802,members/tracy_gray.csv,Tracy,Gray,Conservative,Kelowna—Lake Country,British Columbia,0,0.487,0.033,0.284,0.195
93023,members/matthew_green.csv,Matthew,Green,NDP,Hamilton Centre,Ontario,0,0.162,0.029,0.285,0.524
14171,members/steven_guilbeault.csv,Steven,Guilbeault,Liberal,Laurier—Sainte-Marie,Quebec,0.211,0.035,0.023,0.392,0.339
88984,members/patty_hajdu.csv,Patty,Hajdu,Liberal,Thunder Bay—Superior North,Ontario,0,0.258,0.019,0.434,0.289
105630,members/jasraj_singh_hallan.csv,Jasraj Singh,Hallan,Conservative,Calgary Forest Lawn,Alberta,0,0.482,0.022,0.3,0.195
111109,members/brendan_hanley.csv,Brendan,Hanley,Liberal,Yukon,Yukon,0,0.304,0.05,0.386,0.26
89274,members/ken_hardie.csv,Ken,Hardie,Liberal,Fleetwood—Port Kells,British Columbia,0,0.318,0.019,0.467,0.196
110446,members/lisa_hepfner.csv,Lisa,Hepfner,Liberal,Hamilton Mountain,Ontario,0,0.263,0.022,0.367,0.349
59148,members/randy_hoback.csv,Randy,Hoback,Conservative,Prince Albert,Saskatchewan,0,0.708,0.012,0.116,0.165
25508,members/mark_holland.csv,Mark,Holland,Liberal,Ajax,Ontario,0,0.266,0.025,0.568,0.14
88558,members/anthony_housefather.csv,Anthony,Housefather,Liberal,Mount Royal,Quebec,0.04,0.252,0.028,0.594,0.086
31289,members/carol_hughes.csv,Carol,Hughes,NDP,Algoma—Manitoulin—Kapuskasing,Ontario,0,0.299,0.02,0.244,0.437
89020,members/ahmed_hussen.csv,Ahmed,Hussen,Liberal,York South—Weston,Ontario,0,0.211,0.024,0.588,0.177
88292,members/gudie_hutchings.csv,Gudie,Hutchings,Liberal,Long Range Mountains,Newfoundland and Labrador,0,0.411,0,0.464,0.125
71337,members/angelo_iacono.csv,Angelo,Iacono,Liberal,Alfred-Pellan,Quebec,0.269,0.14,0.019,0.492,0.079
111116,members/lori_idlout.csv,Lori,Idlout,NDP,Nunavut,Nunavut,0,0.165,0,0.359,0.477
107097,members/marci_ien.csv,Marci,Ien,Liberal,Toronto Centre,Ontario,0,0.125,0.088,0.519,0.268
105229,members/helena_jaczek.csv,Helena,Jaczek,Liberal,Markham—Stouffville,Ontario,0,0.367,0.019,0.527,0.088
89167,members/matt_jeneroux.csv,Matt,Jeneroux,Conservative,Edmonton Riverbend,Alberta,0,0.469,0.014,0.259,0.258
89263,members/gord_johns.csv,Gord,Johns,NDP,Courtenay—Alberni,British Columbia,0,0.338,0.055,0.141,0.466
88384,members/melanie_joly.csv,Mélanie,Joly,Liberal,Ahuntsic-Cartierville,Quebec,0.226,0.087,0.03,0.538,0.119
13218,members/yvonne_jones.csv,Yvonne,Jones,Liberal,Labrador,Newfoundland and Labrador,0,0.314,0,0.441,0.246
88929,members/majid_jowhari.csv,Majid,Jowhari,Liberal,Richmond Hill,Ontario,0,0.407,0,0.501,0.092
16399,members/peter_julian.csv,Peter,Julian,NDP,New Westminster—Burnaby,British Columbia,0,0.204,0.043,0.246,0.507
110502,members/arielle_kayabaga.csv,Arielle,Kayabaga,Liberal,London West,Ontario,0,0.346,0,0.393,0.262
104531,members/mike_kelloway.csv,Mike,Kelloway,Liberal,Cape Breton—Canso,Nova Scotia,0,0.366,0,0.485,0.149
89130,members/pat_kelly.csv,Pat,Kelly,Conservative,Calgary Rocky Ridge,Alberta,0,0.576,0.017,0.235,0.172
88849,members/iqra_khalid.csv,Iqra,Khalid,Liberal,Mississauga—Erin Mills,Ontario,0,0.349,0.017,0.528,0.106
88705,members/kamal_khera.csv,Kamal,Khera,Liberal,Brampton West,Ontario,0,0.293,0,0.572,0.135
89095,members/robert_kitchen.csv,Robert,Kitchen,Conservative,Souris—Moose Mountain,Saskatchewan,0,0.864,0,0.047,0.089
89136,members/tom_kmiec.csv,Tom,Kmiec,Conservative,Calgary Shepard,Alberta,0,0.652,0.019,0.151,0.178
105009,members/annie_koutrakis.csv,Annie,Koutrakis,Liberal,Vimy,Quebec,0.243,0.14,0,0.52,0.097
89080,members/michael_kram.csv,Michael,Kram,Conservative,Regina—Wascana,Saskatchewan,0,0.517,0.017,0.279,0.187
110454,members/shelby_kramp-neuman.csv,Shelby,Kramp-Neuman,Conservative,Hastings—Lennox and Addington,Ontario,0,0.486,0.019,0.376,0.119
105614,members/damien_kurek.csv,Damien,Kurek,Conservative,Battle River—Crowfoot,Alberta,0,0.826,0.011,0.05,0.114
96367,members/stephanie_kusie.csv,Stephanie,Kusie,Conservative,Calgary Midnapore,Alberta,0,0.655,0.015,0.133,0.198
71820,members/irek_kusmierczyk.csv,Irek,Kusmierczyk,Liberal,Windsor—Tecumseh,Ontario,0,0.287,0.013,0.356,0.343
89346,members/jenny_kwan.csv,Jenny,Kwan,NDP,Vancouver East,British Columbia,0,0.115,0.081,0.208,0.595
35857,members/mike_lake.csv,Mike,Lake,Conservative,Edmonton—Wetaskiwin,Alberta,0,0.613,0,0.155,0.232
92209,members/marie-france_lalonde.csv,Marie-France,Lalonde,Liberal,Orléans,Ontario,0,0.297,0.017,0.536,0.15
96350,members/emmanuella_lambropoulos.csv,Emmanuella,Lambropoulos,Liberal,Saint-Laurent,Quebec,0.083,0.192,0,0.613,0.113
88501,members/david_lametti.csv,David,Lametti,Liberal,LaSalle—Émard—Verdun,Quebec,0.233,0.079,0.032,0.453,0.204
30552,members/kevin_lamoureux.csv,Kevin,Lamoureux,Liberal,Winnipeg North,Manitoba,0,0.138,0.014,0.548,0.3
110665,members/melissa_lantsman.csv,Melissa,Lantsman,Conservative,Thornhill,Ontario,0,0.538,0.018,0.381,0.064
110663,members/viviane_lapointe.csv,Viviane,Lapointe,Liberal,Sudbury,Ontario,0,0.296,0.022,0.368,0.315
104973,members/andreanne_larouche.csv,Andréanne,Larouche,Bloc Québécois,Shefford,Quebec,0.443,0.128,0.019,0.354,0.056
104957,members/patricia_lattanzio.csv,Patricia,Lattanzio,Liberal,Saint-Léonard—Saint-Michel,Quebec,0.084,0.109,0,0.721,0.086
88394,members/stephane_lauzon.csv,Stéphane,Lauzon,Liberal,Argenteuil—La Petite-Nation,Quebec,0.378,0.139,0,0.411,0.072
105291,members/philip_lawrence.csv,Philip,Lawrence,Conservative,Northumberland—Peterborough South,Ontario,0,0.47,0.027,0.354,0.149
1813,members/dominic_leblanc.csv,Dominic,LeBlanc,Liberal,Beauséjour,New Brunswick,0,0.212,0.062,0.607,0.12
88460,members/diane_lebouthillier.csv,Diane,Lebouthillier,Liberal,Gaspésie—Les Îles-de-la-Madeleine,Quebec,0.403,0.084,0,0.476,0.038
104653,members/richard_lehoux.csv,Richard,Lehoux,Conservative,Beauce,Quebec,0.191,0.607,0.011,0.155,0.036
104630,members/sebastien_lemire.csv,Sébastien,Lemire,Bloc Québécois,Abitibi—Témiscamingue,Quebec,0.537,0.124,0.017,0.256,0.065
105120,members/chris_lewis.csv,Chris,Lewis,Conservative,Essex,Ontario,0,0.458,0.014,0.172,0.355
88958,members/leslyn_lewis.csv,Leslyn,Lewis,Conservative,Haldimand—Norfolk,Ontario,0,0.537,0,0.312,0.151
89139,members/ron_liepert.csv,Ron,Liepert,Conservative,Calgary Signal Hill,Alberta,0,0.626,0.019,0.197,0.157
88532,members/joel_lightbound.csv,Joël,Lightbound,Liberal,Louis-Hébert,Quebec,0.273,0.241,0.026,0.386,0.073
98079,members/dane_lloyd.csv,Dane,Lloyd,Conservative,Sturgeon River—Parkland,Alberta,0,0.705,0,0.079,0.216
35600,members/ben_lobb.csv,Ben,Lobb,Conservative,Huron—Bruce,Ontario,0,0.554,0,0.285,0.161
88368,members/wayne_long.csv,Wayne,Long,Liberal,Saint John—Rothesay,New Brunswick,0,0.347,0.027,0.49,0.136
88761,members/lloyd_longfield.csv,Lloyd,Longfield,Liberal,Guelph,Ontario,0,0.254,0.079,0.444,0.222
88810,members/tim_louis.csv,Tim,Louis,Liberal,Kitchener—Conestoga,Ontario,0,0.411,0.039,0.424,0.126
33,members/lawrence_macaulay.csv,Lawrence,MacAulay,Liberal,Cardigan,Prince Edward Island,0,0.321,0.05,0.527,0.102
109891,members/heath_macdonald.csv,Heath,MacDonald,Liberal,Malpeque,Prince Edward Island,0,0.34,0.147,0.43,0.082
89269,members/alistair_macgregor.csv,Alistair,MacGregor,NDP,Cowichan—Malahat—Langford,British Columbia,0,0.302,0.066,0.175,0.456
891,members/dave_mackenzie.csv,Dave,MacKenzie,Conservative,Oxford,Ontario,0,0.531,0.031,0.232,0.206
88468,members/steven_mackinnon.csv,Steven,MacKinnon,Liberal,Gatineau,Quebec,0.248,0.116,0.016,0.53,0.091
7251,members/larry_maguire.csv,Larry,Maguire,Conservative,Brandon—Souris,Manitoba,0,0.646,0,0.131,0.223
88748,members/james_maloney.csv,James,Maloney,Liberal,Etobicoke—Lakeshore,Ontario,0,0.336,0.022,0.498,0.144
100521,members/richard_martel.csv,Richard,Martel,Conservative,Chicoutimi—Le Fjord,Quebec,0.339,0.417,0.012,0.186,0.047
104756,members/soraya_martinez_ferrada.csv,Soraya,Martinez Ferrada,Liberal,Hochelaga,Quebec,0.327,0.048,0.021,0.394,0.21
9137,members/brian_masse.csv,Brian,Masse,NDP,Windsor West,Ontario,0,0.212,0,0.304,0.484
105221,members/lindsay_mathyssen.csv,Lindsay,Mathyssen,NDP,London—Fanshawe,Ontario,0,0.267,0,0.254,0.478
2897,members/bryan_may.csv,Bryan,May,Liberal,Cambridge,Ontario,0,0.371,0.037,0.41,0.183
71599,members/elizabeth_may.csv,Elizabeth,May,Green Party,Saanich—Gulf Islands,British Columbia,0,0.233,0.389,0.19,0.189
3306,members/dan_mazier.csv,Dan,Mazier,Conservative,Dauphin—Swan River—Neepawa,Manitoba,0,0.666,0.024,0.143,0.166
89179,members/kelly_mccauley.csv,Kelly,McCauley,Conservative,Edmonton West,Alberta,0,0.482,0,0.248,0.27
88283,members/ken_mcdonald.csv,Ken,McDonald,Liberal,Avalon,Newfoundland and Labrador,0,0.349,0,0.51,0.141
9486,members/david_mcguinty.csv,David,McGuinty,Liberal,Ottawa South,Ontario,0,0.27,0.024,0.505,0.2
957,members/john_mckay.csv,John,McKay,Liberal,Scarborough—Guildwood,Ontario,0,0.222,0,0.637,0.141
59293,members/ron_mckinnon.csv,Ron,McKinnon,Liberal,Coquitlam—Port Coquitlam,British Columbia,0,0.317,0,0.402,0.281
105623,members/greg_mclean.csv,Greg,McLean,Conservative,Calgary Centre,Alberta,0,0.518,0.017,0.3,0.165
89374,members/michael_mcleod.csv,Michael,McLeod,Liberal,Northwest Territories,Northwest Territories,0,0.165,0.027,0.438,0.37
105689,members/heather_mcpherson.csv,Heather,McPherson,NDP,Edmonton Strathcona,Alberta,0,0.268,0.013,0.08,0.639
105186,members/eric_melillo.csv,Eric,Melillo,Conservative,Kenora,Ontario,0,0.454,0.015,0.212,0.319
58621,members/alexandra_mendes.csv,Alexandra,Mendès,Liberal,Brossard—Saint-Lambert,Quebec,0.207,0.124,0,0.561,0.108
88738,members/marco_mendicino.csv,Marco,Mendicino,Liberal,Eglinton—Lawrence,Ontario,0,0.375,0.031,0.499,0.094
111048,members/wilson_miao.csv,Wilson,Miao,Liberal,Richmond Centre,British Columbia,0,0.379,0.033,0.402,0.185
104648,members/kristina_michaud.csv,Kristina,Michaud,Bloc Québécois,Avignon—La Mitis—Matane—Matapédia,Quebec,0.632,0.093,0,0.227,0.048
88660,members/marc_miller.csv,Marc,Miller,Liberal,Ville-Marie—Le Sud-Ouest—Île-des-Soeurs,Quebec,0.129,0.128,0.028,0.522,0.193
17210,members/rob_moore.csv,Rob,Moore,Conservative,Fundy Royal,New Brunswick,0,0.524,0.053,0.271,0.152
105511,members/marty_morantz.csv,Marty,Morantz,Conservative,Charleswood—St. James—Assiniboia—Headingley,Manitoba,0,0.415,0.022,0.404,0.16
110476,members/mike_morrice.csv,Mike,Morrice,Green Party,Kitchener Centre,Ontario,0,0.263,0.375,0.174,0.188
105807,members/rob_morrison.csv,Rob,Morrison,Conservative,Kootenay—Columbia,British Columbia,0,0.464,0.043,0.097,0.396
88308,members/robert_morrissey.csv,Robert,Morrissey,Liberal,Egmont,Prince Edward Island,0,0.328,0.095,0.486,0.091
94305,members/glen_motz.csv,Glen,Motz,Conservative,Medicine Hat—Cardston—Warner,Alberta,0,0.741,0.017,0.082,0.16
35950,members/joyce_murray.csv,Joyce,Murray,Liberal,Vancouver Quadra,British Columbia,0,0.295,0.063,0.445,0.197
110415,members/dan_muys.csv,Dan,Muys,Conservative,Flamborough—Glanbrook,Ontario,0,0.432,0.022,0.379,0.167
110572,members/yasir_naqvi.csv,Yasir,Naqvi,Liberal,Ottawa Centre,Ontario,0,0.161,0.029,0.469,0.34
88917,members/john_nater.csv,John,Nater,Conservative,Perth—Wellington,Ontario,0,0.537,0,0.272,0.19
96352,members/mary_ng.csv,Mary,Ng,Liberal,Markham—Thornhill,Ontario,0,0.268,0.021,0.626,0.085
72023,members/taleeb_noormohamed.csv,Taleeb,Noormohamed,Liberal,Vancouver Granville,British Columbia,0,0.274,0.03,0.352,0.343
104947,members/christine_normandin.csv,Christine,Normandin,Bloc Québécois,Saint-Jean,Quebec,0.478,0.132,0.022,0.292,0.076
88925,members/jennifer_oconnell.csv,Jennifer,O'Connell,Liberal,Pickering—Uxbridge,Ontario,0,0.376,0,0.488,0.136
72773,members/seamus_oregan.csv,Seamus,O'Regan,Liberal,St. John's South—Mount Pearl,Newfoundland and Labrador,0,0.189,0,0.572,0.238
58858,members/erin_otoole.csv,Erin,O'Toole,Conservative,Durham,Ontario,0,0.494,0,0.319,0.187
88299,members/robert_oliphant.csv,Robert,Oliphant,Liberal,Don Valley West,Ontario,0,0.362,0.017,0.538,0.083
105559,members/jeremy_patzer.csv,Jeremy,Patzer,Conservative,Cypress Hills—Grasslands,Saskatchewan,0,0.82,0.009,0.05,0.121
71454,members/pierre_paul-hus.csv,Pierre,Paul-Hus,Conservative,Charlesbourg—Haute-Saint-Charles,Quebec,0.256,0.461,0.017,0.204,0.062
88595,members/monique_pauze.csv,Monique,Pauzé,Bloc Québécois,Repentigny,Quebec,0.54,0.093,0,0.289,0.078
109922,members/rick_perkins.csv,Rick,Perkins,Conservative,South Shore—St. Margarets,Nova Scotia,0,0.409,0.029,0.371,0.191
88418,members/yves_perron.csv,Yves,Perron,Bloc Québécois,Berthier—Maskinongé,Quebec,0.367,0.114,0.01,0.159,0.349
88364,members/ginette_petitpas_taylor.csv,Ginette,Petitpas Taylor,Liberal,Moncton—Riverview—Dieppe,New Brunswick,0,0.249,0.045,0.524,0.181
413,members/louis_plamondon.csv,Louis,Plamondon,Bloc Québécois,Bécancour—Nicolet—Saurel,Quebec,0.576,0.177,0.016,0.178,0.054
25524,members/pierre_poilievre.csv,Pierre,Poilievre,Conservative,Carleton,Ontario,0,0.511,0.019,0.351,0.118
105437,members/marcus_powlowski.csv,Marcus,Powlowski,Liberal,Thunder Bay—Rainy River,Ontario,0,0.313,0.015,0.367,0.305
89272,members/carla_qualtrough.csv,Carla,Qualtrough,Liberal,Delta,British Columbia,0,0.349,0.025,0.437,0.189
88600,members/alain_rayes.csv,Alain,Rayes,Conservative,Richmond—Arthabaska,Quebec,0.263,0.53,0,0.159,0.047
105598,members/brad_redekopp.csv,Brad,Redekopp,Conservative,Saskatoon West,Saskatchewan,0,0.483,0.011,0.087,0.419
1827,members/scott_reid.csv,Scott,Reid,Conservative,Lanark—Frontenac—Kingston,Ontario,0,0.523,0.028,0.282,0.167
71902,members/michelle_rempel_garner.csv,Michelle,Rempel Garner,Conservative,Calgary Nose Hill,Alberta,0,0.59,0.013,0.217,0.179
59235,members/blake_richards.csv,Blake,Richards,Conservative,Banff—Airdrie,Alberta,0,0.651,0.021,0.143,0.186
105191,members/anna_roberts.csv,Anna,Roberts,Conservative,King—Vaughan,Ontario,0,0.471,0.013,0.448,0.068
88617,members/yves_robillard.csv,Yves,Robillard,Liberal,Marc-Aurèle-Fortin,Quebec,0.324,0.123,0,0.463,0.09
25451,members/pablo_rodriguez.csv,Pablo,Rodriguez,Liberal,Honoré-Mercier,Quebec,0.171,0.11,0.016,0.627,0.076
98744,members/churence_rogers.csv,Churence,Rogers,Liberal,Bonavista—Burin—Trinity,Newfoundland and Labrador,0,0.427,0,0.486,0.086
88521,members/sherry_romanado.csv,Sherry,Romanado,Liberal,Longueuil—Charles-LeMoyne,Quebec,0.364,0.086,0.025,0.418,0.107
105210,members/lianne_rood.csv,Lianne,Rood,Conservative,Lambton—Kent—Middlesex,Ontario,0,0.544,0.019,0.232,0.205
,members/anthony_rota.csv,Anthony,Rota,Liberal,Nipissing—Timiskaming,Ontario,0,0.343,0,0.418,0.238
105070,members/alex_ruff.csv,Alex,Ruff,Conservative,Bruce—Grey—Owen Sound,Ontario,0,0.54,0.034,0.277,0.149
88698,members/ruby_sahota.csv,Ruby,Sahota,Liberal,Brampton North,Ontario,0,0.308,0,0.543,0.149
89497,members/harjit_s_sajjan.csv,Harjit S.,Sajjan,Liberal,Vancouver South,British Columbia,0,0.233,0,0.512,0.255
107099,members/yaara_saks.csv,Ya'ara,Saks,Liberal,York Centre,Ontario,0,0.397,0,0.496,0.107
88333,members/darrell_samson.csv,Darrell,Samson,Liberal,Sackville—Preston—Chezzetcook,Nova Scotia,0,0.275,0.021,0.43,0.274
89339,members/randeep_sarai.csv,Randeep,Sarai,Liberal,Surrey Centre,British Columbia,0,0.222,0.023,0.463,0.292
104944,members/simon-pierre_savard-tremblay.csv,Simon-Pierre,Savard-Tremblay,Bloc Québécois,Saint-Hyacinthe—Bagot,Quebec,0.498,0.142,0,0.238,0.122
25453,members/francis_scarpaleggia.csv,Francis,Scarpaleggia,Liberal,Lac-Saint-Louis,Quebec,0.055,0.195,0.033,0.58,0.137
25454,members/andrew_scheer.csv,Andrew,Scheer,Conservative,Regina—Qu'Appelle,Saskatchewan,0,0.652,0.021,0.107,0.22
88649,members/peter_schiefke.csv,Peter,Schiefke,Liberal,Vaudreuil—Soulanges,Quebec,0.226,0.167,0.026,0.474,0.107
88770,members/jamie_schmale.csv,Jamie,Schmale,Conservative,Haliburton—Kawartha Lakes—Brock,Ontario,0,0.567,0.027,0.25,0.156
58841,members/kyle_seeback.csv,Kyle,Seeback,Conservative,Dufferin—Caledon,Ontario,0,0.516,0.045,0.326,0.113
88874,members/marc_serre.csv,Marc,Serré,Liberal,Nickel Belt,Ontario,0,0.3,0.019,0.388,0.293
1787,members/judy_a_sgro.csv,Judy A.,Sgro,Liberal,Humber River—Black Creek,Ontario,0,0.182,0.013,0.634,0.171
88442,members/brenda_shanahan.csv,Brenda,Shanahan,Liberal,Châteauguay—Lacolle,Quebec,0.391,0.12,0.017,0.391,0.081
88944,members/terry_sheehan.csv,Terry,Sheehan,Liberal,Sault Ste. Marie,Ontario,0,0.392,0,0.398,0.21
89109,members/martin_shields.csv,Martin,Shields,Conservative,Bow River,Alberta,0,0.806,0,0.087,0.107
105031,members/doug_shipley.csv,Doug,Shipley,Conservative,Barrie—Springwater—Oro-Medonte,Ontario,0,0.485,0,0.332,0.183
88703,members/maninder_sidhu.csv,Maninder,Sidhu,Liberal,Brampton East,Ontario,0,0.289,0,0.549,0.162
105045,members/sonia_sidhu.csv,Sonia,Sidhu,Liberal,Brampton South,Ontario,0,0.318,0,0.533,0.149
104773,members/mario_simard.csv,Mario,Simard,Bloc Québécois,Jonquière,Quebec,0.422,0.293,0.016,0.212,0.057
110300,members/nathalie_sinclair-desgagne.csv,Nathalie,Sinclair-Desgagné,Bloc Québécois,Terrebonne,Quebec,0.461,0.117,0.016,0.332,0.074
71588,members/jagmeet_singh.csv,Jagmeet,Singh,NDP,Burnaby South,British Columbia,0,0.233,0.03,0.317,0.42
109867,members/clifford_small.csv,Clifford,Small,Conservative,Coast of Bays—Central—Notre Dame,Newfoundland and Labrador,0,0.469,0,0.46,0.071
88999,members/francesco_sorbara.csv,Francesco,Sorbara,Liberal,Vaughan—Woodbridge,Ontario,0,0.428,0.01,0.488,0.073
105751,members/gerald_soroka.csv,Gerald,Soroka,Conservative,Yellowhead,Alberta,0,0.792,0,0.067,0.141
88852,members/sven_spengemann.csv,Sven,Spengemann,Liberal,Mississauga—Lakeshore,Ontario,0,0.404,0.024,0.47,0.102
109951,members/pascale_st-onge.csv,Pascale,St-Onge,Liberal,Brome—Missisquoi,Quebec,0.367,0.172,0.025,0.37,0.066
88485,members/gabriel_ste-marie.csv,Gabriel,Ste-Marie,Bloc Québécois,Joliette,Quebec,0.581,0.1,0.021,0.239,0.058
110044,members/warren_steinley.csv,Warren,Steinley,Conservative,Regina—Lewvan,Saskatchewan,0,0.486,0.013,0.143,0.358
105581,members/jake_stewart.csv,Jake,Stewart,Conservative,Miramichi—Grand Lake,New Brunswick,0,0.464,0.045,0.416,0.075
71986,members/mark_strahl.csv,Mark,Strahl,Conservative,Chilliwack—Hope,British Columbia,0,0.498,0.029,0.184,0.289
89198,members/shannon_stubbs.csv,Shannon,Stubbs,Conservative,Lakeland,Alberta,0,0.81,0.01,0.058,0.122
110459,members/jenna_sudds.csv,Jenna,Sudds,Liberal,Kanata—Carleton,Ontario,0,0.398,0.028,0.431,0.144
88784,members/filomena_tassi.csv,Filomena,Tassi,Liberal,Hamilton West—Ancaster—Dundas,Ontario,0,0.302,0.028,0.463,0.207
105024,members/leah_taylor_roy.csv,Leah,Taylor Roy,Liberal,Aurora—Oak Ridges—Richmond Hill,Ontario,0,0.442,0,0.476,0.082
88552,members/luc_theriault.csv,Luc,Thériault,Bloc Québécois,Montcalm,Quebec,0.569,0.125,0.027,0.212,0.067
104783,members/alain_therrien.csv,Alain,Therrien,Bloc Québécois,La Prairie,Quebec,0.45,0.102,0.017,0.356,0.075
89200,members/rachael_thomas.csv,Rachael,Thomas,Conservative,Lethbridge,Alberta,0,0.618,0,0.168,0.214
109877,members/joanne_thompson.csv,Joanne,Thompson,Liberal,St. John's East,Newfoundland and Labrador,0,0.19,0,0.46,0.35
84882,members/corey_tochor.csv,Corey,Tochor,Conservative,Saskatoon—University,Saskatchewan,0,0.504,0.01,0.114,0.372
110800,members/fraser_tolmie.csv,Fraser,Tolmie,Conservative,Moose Jaw—Lake Centre—Lanigan,Saskatchewan,0,0.695,0.012,0.071,0.223
58733,members/justin_trudeau.csv,Justin,Trudeau,Liberal,Papineau,Quebec,0.157,0.05,0.033,0.524,0.236
88530,members/denis_trudel.csv,Denis,Trudel,Bloc Québécois,Longueuil—Saint-Hubert,Quebec,0.424,0.071,0.029,0.394,0.082
105480,members/ryan_turnbull.csv,Ryan,Turnbull,Liberal,Whitby,Ontario,0,0.375,0.016,0.461,0.148
30645,members/tim_uppal.csv,Tim,Uppal,Conservative,Edmonton Mill Woods,Alberta,0,0.405,0,0.363,0.232
110538,members/rechie_valdez.csv,Rechie,Valdez,Liberal,Mississauga—Streetsville,Ontario,0,0.356,0.022,0.493,0.129
105270,members/tony_van_bynen.csv,Tony,Van Bynen,Liberal,Newmarket—Aurora,Ontario,0,0.402,0.019,0.459,0.12
105242,members/adam_van_koeverden.csv,Adam,van Koeverden,Liberal,Milton,Ontario,0,0.345,0.024,0.538,0.093
105811,members/tako_van_popta.csv,Tako,Van Popta,Conservative,Langley—Aldergrove,British Columbia,0,0.483,0.03,0.279,0.207
89045,members/dan_vandal.csv,Dan,Vandal,Liberal,Saint Boniface—Saint Vital,Manitoba,0,0.296,0.016,0.462,0.227
71738,members/anita_vandenbeld.csv,Anita,Vandenbeld,Liberal,Ottawa West—Nepean,Ontario,0,0.299,0.03,0.469,0.202
88742,members/karen_vecchio.csv,Karen,Vecchio,Conservative,Elgin—Middlesex—London,Ontario,0,0.569,0.026,0.223,0.182
105562,members/gary_vidal.csv,Gary,Vidal,Conservative,Desnethé—Missinippi—Churchill River,Saskatchewan,0,0.519,0.011,0.286,0.184
110009,members/dominique_vien.csv,Dominique,Vien,Conservative,Bellechasse—Les Etchemins—Lévis,Quebec,0.24,0.528,0.015,0.165,0.052
89211,members/arnold_viersen.csv,Arnold,Viersen,Conservative,Peace River—Westlock,Alberta,0,0.77,0.01,0.063,0.157
104656,members/julie_vignola.csv,Julie,Vignola,Bloc Québécois,Beauport—Limoilou,Quebec,0.317,0.296,0.021,0.259,0.106
110306,members/rene_villemure.csv,René,Villemure,Bloc Québécois,Trois-Rivières,Quebec,0.305,0.303,0.013,0.296,0.083
88910,members/arif_virani.csv,Arif,Virani,Liberal,Parkdale—High Park,Ontario,0,0.134,0.019,0.44,0.407
89289,members/brad_vis.csv,Brad,Vis,Conservative,Mission—Matsqui—Fraser Canyon,British Columbia,0,0.471,0.047,0.264,0.217
110654,members/kevin_vuong.csv,Kevin,Vuong,Independent,Spadina—Fort York,Ontario,0,0.209,0.035,0.401,0.356
89098,members/cathay_wagantall.csv,Cathay,Wagantall,Conservative,Yorkton—Melville,Saskatchewan,0,0.772,0.02,0.071,0.137
35886,members/chris_warkentin.csv,Chris,Warkentin,Conservative,Grande Prairie—Mackenzie,Alberta,0,0.804,0,0.053,0.143
89084,members/kevin_waugh.csv,Kevin,Waugh,Conservative,Saskatoon—Grasswood,Saskatchewan,0,0.523,0.013,0.149,0.315
89116,members/len_webber.csv,Len,Webber,Conservative,Calgary Confederation,Alberta,0,0.483,0.039,0.299,0.18
105918,members/patrick_weiler.csv,Patrick,Weiler,Liberal,West Vancouver—Sunshine Coast—Sea to Sky Country,British Columbia,0,0.313,0.067,0.353,0.267
89300,members/jonathan_wilkinson.csv,Jonathan,Wilkinson,Liberal,North Vancouver,British Columbia,0,0.289,0.045,0.463,0.203
110330,members/ryan_williams.csv,Ryan,Williams,Conservative,Bay of Quinte,Ontario,0,0.434,0.023,0.384,0.158
71323,members/john_williamson.csv,John,Williamson,Conservative,New Brunswick Southwest,New Brunswick,0,0.546,0.047,0.261,0.146
98747,members/jean_yip.csv,Jean,Yip,Liberal,Scarborough—Agincourt,Ontario,0,0.298,0.018,0.581,0.103
88950,members/salma_zahid.csv,Salma,Zahid,Liberal,Scarborough Centre,Ontario,0,0.256,0,0.602,0.143
105837,members/bonita_zarrillo.csv,Bonita,Zarrillo,NDP,Port Moody—Coquitlam,British Columbia,0,0.331,0,0.283,0.386
72035,members/bob_zimmer.csv,Bob,Zimmer,Conservative,Prince George—Peace River—Northern Rockies,British Columbia,0,0.704,0.039,0.1,0.157
54157,members/sameer_zuberi.csv,Sameer,Zuberi,Liberal,Pierrefonds—Dollard,Quebec,0.082,0.216,0,0.582,0.12